{
  "mistralai/devstral-2512": {
    "throughput": {
      "min": 62.5,
      "max": 70.8855,
      "median": 66.298
    },
    "latency": {
      "min": 1043,
      "max": 1483,
      "median": 1100
    },
    "e2eLatency": {
      "min": 2106,
      "max": 6496,
      "median": 3035.5
    },
    "uptime": 99.99908366378708,
    "topProvider": {
      "p50_throughput": 63.483,
      "p50_latency": 1662,
      "request_count": 35
    }
  },
  "relace/relace-search-20251208": {
    "throughput": {
      "min": 161.19,
      "max": 190.6465,
      "median": 173.92425
    },
    "latency": {
      "min": 791,
      "max": 1425,
      "median": 1006.5
    },
    "e2eLatency": {
      "min": 1551,
      "max": 2917,
      "median": 1977
    },
    "uptime": 100,
    "topProvider": {
      "p50_throughput": 186.133,
      "p50_latency": 1192.5,
      "request_count": 4
    }
  },
  "z-ai/glm-4.6-20251208": {
    "throughput": {
      "min": 88.0145,
      "max": 155.0085,
      "median": 130.695
    },
    "latency": {
      "min": 499,
      "max": 4410.5,
      "median": 2336.25
    },
    "e2eLatency": {
      "min": 3869.5,
      "max": 9606.5,
      "median": 6054
    },
    "uptime": 95.53624472967094,
    "topProvider": {
      "p50_throughput": 84.693,
      "p50_latency": 7102,
      "request_count": 801
    }
  },
  "nex-agi/deepseek-v3.1-nex-n1": {
    "throughput": {
      "min": 27.91,
      "max": 28.128,
      "median": 28.019
    },
    "latency": {
      "min": 3951,
      "max": 4332,
      "median": 4141.5
    },
    "e2eLatency": {
      "min": 18687,
      "max": 18833.5,
      "median": 18760.25
    },
    "uptime": 100,
    "topProvider": null
  }
}